resume_link,Category
https://zety.com/blog/accounting-resume-example,Accounting
https://zety.com/blog/accounting-assistant-resume-example,Accounting Assistant
https://zety.com/blog/accounting-clerk-resume-example,Accounting Clerk
https://zety.com/blog/accounting-manager-resume-example,Accounting Manager
https://zety.com/blog/accounts-payable-resume-example,Accounts Payable
https://zety.com/blog/accounts-receivable-resume-example,Accounts Payable/Receivable
https://zety.com/blog/accounts-receivable-resume-example,Accounts Receivable
https://zety.com/blog/actuary-resume-example,Actuary
https://zety.com/blog/audit-associate-resume-example,Audit Associate
https://zety.com/blog/auditor-resume-example,Auditor
https://zety.com/blog/bank-manager-resume-example,Bank Manager Resume
https://zety.com/blog/bank-teller-resume,Bank Teller
https://zety.com/blog/banking-resume-example,Banking
https://zety.com/blog/billing-specialist-resume-example,Billing Specialist
https://zety.com/blog/bookkeeper-resume-example,Bookkeeper
https://zety.com/blog/branch-manager-resume-example,Branch Manager Resume
https://zety.com/blog/business-resume-example,Business
https://zety.com/blog/business-analyst-resume,Business Analyst
https://zety.com/blog/business-intelligence-resume-example,Business Intelligence
https://zety.com/blog/cpa-resume-example,Certified Public Accountant / CPA
https://zety.com/blog/claims-adjuster-resume-example,Claims Adjuster
https://zety.com/blog/collections-resume-example,Collections Representative
https://zety.com/blog/collector-resume-example,Collector
https://zety.com/blog/consultant-resume-example,Consultant
https://zety.com/blog/controller-resume-example,Controller
https://zety.com/blog/credit-analyst-resume-example,Credit Analyst
https://zety.com/blog/entry-level-accounting-resume-example,Entry-Level Accounting
https://zety.com/blog/entry-level-business-analyst-resume-example,Entry-Level Business Analyst
https://zety.com/blog/entry-level-financial-analyst-resume-example,Entry-Level Financial Analyst
https://zety.com/blog/finance-resume-example,Finance
https://zety.com/blog/finance-manager-resume-example,Finance Manager
https://zety.com/blog/financial-advisor-resume-example,Financial Advisor
https://zety.com/blog/financial-analyst-resume,Financial Analyst
https://zety.com/blog/fpa-resume-example,Financial Planning & Analysis (FP&A)
https://zety.com/blog/goldman-sachs-resume-example,Goldman Sachs
https://zety.com/blog/internal-auditor-resume-example,Internal Auditor
https://zety.com/blog/investment-banker-resume-example,Investment Banking
https://zety.com/blog/loan-officer-resume-example,Loan Officer
https://zety.com/blog/loan-processor-resume-example,Loan Processor
https://zety.com/blog/mckinsey-resume-example,McKinsey
https://zety.com/blog/medical-billing-resume-example,Medical Billing
https://zety.com/blog/mortgage-underwriter-resume-example,Mortgage Underwriter
https://zety.com/blog/personal-banker-resume-example,Personal Banker
https://zety.com/blog/private-equity-resume-example,Private Equity
https://zety.com/blog/program-analyst-resume-example,Program Analyst
https://zety.com/blog/senior-accountant-resume-example,Senior Accountant
https://zety.com/blog/staff-accountant-resume-example,Staff Accountant
https://zety.com/blog/tax-accountant-resume-example,Tax Accountant
https://zety.com/blog/tax-preparer-resume-example,Tax Preparer
https://zety.com/blog/trader-resume-example,Trader
https://zety.com/blog/treasurer-resume-example,Treasurer
https://zety.com/blog/venture-capital-resume-example,Venture Capital
https://zety.com/blog/architecture-resume-example,Architecture
https://zety.com/blog/cnc-machinist-resume-example,CNC Machinist
https://zety.com/blog/construction-resume-example,Construction
https://zety.com/blog/construction-manager-resume-example,Construction Manager
https://zety.com/blog/construction-project-manager-resume-example,Construction Project Manager
https://zety.com/blog/construction-superintendent-resume-example,Construction Superintendent
https://zety.com/blog/contractor-resume-example,Contractor
https://zety.com/blog/forklift-operator-resume-example,Forklift Operator
https://zety.com/blog/general-labor-resume-example,General Labour
https://zety.com/blog/hvac-resume-example,HVAC
https://zety.com/blog/landscape-architecture-resume-example,Landscape Architecture
https://zety.com/blog/machinist-resume-example,Machinist
https://zety.com/blog/maintenance-resume-example,Maintenance
https://zety.com/blog/pipefitter-resume-example,Pipefitter
https://zety.com/blog/welder-resume-example,Welder
https://zety.com/blog/3d-artist-resume-example,3D Artist
https://zety.com/blog/acting-resume-example,Acting
https://zety.com/blog/animator-resume-example,Animator
https://zety.com/blog/art-director-resume,Art Director
https://zety.com/blog/artist-resume,Artist
https://zety.com/blog/artist-cv-example,Artist CV
https://zety.com/blog/beginner-acting-resume-example,Beginner Acting
https://zety.com/blog/brand-ambassador-resume-example,Brand Ambassador
https://zety.com/blog/cinematographer-resume-example,Cinematographer
https://zety.com/blog/content-creator-resume-example,Content Creator
https://zety.com/blog/copywriter-resume-example,Copywriter
https://zety.com/blog/creative-director-resume-example,Creative Director
https://zety.com/blog/creative-writer-resume-example,Creative Writer
https://zety.com/blog/dance-resume-example,Dance
https://zety.com/blog/dance-teacher-resume-example,Dance Teacher
https://zety.com/blog/dj-resume-example,DJ
https://zety.com/blog/editor-resume-example,Editor
https://zety.com/blog/event-planner-resume-example,Event Planner
https://zety.com/blog/fashion-resume-example,Fashion
https://zety.com/blog/fashion-designer-resume-example,Fashion Designer
https://zety.com/blog/fashion-stylist-resume-example,Fashion Stylist
https://zety.com/blog/film-resume-example,Film
https://zety.com/blog/filmmaker-resume-example,Filmmaker
https://zety.com/blog/freelance-photographer-resume-example,Freelance Photographer
https://zety.com/blog/freelance-writer-resume-example,Freelance Writer
https://zety.com/blog/game-design-resume,Game Design
https://zety.com/blog/graphic-designer-resume,Graphic Designer
https://zety.com/blog/hair-stylist-resume-example,Hair Stylist
https://zety.com/blog/illustrator-resume-example,Illustrator
https://zety.com/blog/instructional-designer-resume-example,Instructional Designer
https://zety.com/blog/instructional-designer-resume-example,Instructional Designer
https://zety.com/blog/interior-design-resume-example,Interior Design
https://zety.com/blog/interpreter-resume-example,Interpreter
https://zety.com/blog/makeup-artist-resume-example,Makeup Artist
https://zety.com/blog/model-resume-example,Model
https://zety.com/blog/music-resume-example,Music
https://zety.com/blog/photographer-resume-example,Photographer
https://zety.com/blog/product-designer-resume-example,Product Designer
https://zety.com/blog/production-assistant-resume-example,Production Assistant
https://zety.com/blog/production-coordinator-resume-example,Production Coordinator
https://zety.com/blog/senior-graphic-designer-resume-example,Senior Graphic Designer
https://zety.com/blog/stage-manager-resume-example,Stage Manager
https://zety.com/blog/technical-writer-resume-example,Technical Writer
https://zety.com/blog/theater-resume-example,Theatre
https://zety.com/blog/translator-resume-example,Translator
https://zety.com/blog/ux-designer-resume-and-ui-developer-resume-examples,UX Designer & UI Developer
https://zety.com/blog/video-editor-resume-example,Video Editor
https://zety.com/blog/video-producer-resume-example,Video Producer
https://zety.com/blog/videographer-resume-example,Videographer
https://zety.com/blog/web-designer-resume-example,Web Designer
https://zety.com/blog/writer-resume-example,Writer
https://zety.com/blog/academic-cv-example,Academic
https://zety.com/blog/academic-advisor-resume-example,Academic Advisor
https://zety.com/blog/adjunct-professor-resume-example,Adjunct Professor
https://zety.com/blog/art-teacher-resume-example,Art Teacher
https://zety.com/blog/assistant-principal-resume-example,Assistant Headmaster
https://zety.com/blog/babysitter-resume-example,Babysitter
https://zety.com/blog/basketball-coach-resume-example,Basketball Coach
https://zety.com/blog/camp-counselor-resume-example,Camp Counselor
https://zety.com/blog/child-care-resume-example,Child Care
https://zety.com/blog/coaching-resume-example,Coaching
https://zety.com/blog/college-graduate-resume-example,College Graduate
https://zety.com/blog/college-student-resume-example,College Student
https://zety.com/blog/teen-resume-example,CV Examples for Teens
https://zety.com/blog/high-school-resume-for-college-application,CV for College Application
https://zety.com/blog/education-resume-example,Education & Teaching Jobs
https://zety.com/blog/elementary-teacher-resume-example,Elementary Teacher
https://zety.com/blog/engineering-student-resume-example,Engineering Student
https://zety.com/blog/english-teacher-resume-example,English Teacher
https://zety.com/blog/esl-teacher-resume-example,ESL Teacher
https://zety.com/blog/graduate-assistant-resume-example,Graduate Assistant
https://zety.com/blog/graduate-school-resume-example,Graduate School/CV for PhD Programs
https://zety.com/blog/harvard-resume-example,Harvard
https://zety.com/blog/high-school-student-resume-example,High School Student
https://zety.com/blog/instructional-designer-resume-example,Instructional Designer
https://zety.com/blog/law-school-resume-example,Law School
https://zety.com/blog/law-student-resume-example,Law Student
https://zety.com/blog/librarian-resume-example,Librarian
https://zety.com/blog/library-assistant-resume-example,Library Assistant
https://zety.com/blog/math-teacher-resume-example,Math Teacher
https://zety.com/blog/mba-resume-example,MBA Application
https://zety.com/blog/medical-student-cv,Medical Student
https://zety.com/blog/new-teacher-resume-example,New Teacher
https://zety.com/blog/paraprofessional-resume-example,Paraprofessional
https://zety.com/blog/phd-resume-example,PhD
https://zety.com/blog/pre-med-resume-example,Pre-Med
https://zety.com/blog/preschool-teacher-resume-example,Preschool Teacher
https://zety.com/blog/professor-cv-example,Professor
https://zety.com/blog/research-assistant-resume-example,Research Assistant
https://zety.com/blog/college-freshman-resume-example,Resume for College Freshman
https://zety.com/blog/high-school-graduate-resume-example,Resume for High School Graduate
https://zety.com/blog/internship-on-resume,Resume for Internship
https://zety.com/blog/scholarship-resume-example,Scholarship
https://zety.com/blog/school-counselor-resume-example,School Counselor
https://zety.com/blog/principal-resume-example,School Principal
https://zety.com/blog/high-school-teacher-resume-example,Secondary School Teacher
https://zety.com/blog/sorority-resume-example,Sorority
https://zety.com/blog/special-education-teacher-resume-example,Special Education Teacher
https://zety.com/blog/special-education-teacher-cover-letter-example,Special Education Teacher
https://zety.com/blog/student-athlete-resume-example,Student-Athlete Resume
https://zety.com/blog/substitute-teacher-resume-example,Substitute Teacher
https://zety.com/blog/teacher-resume,Teacher
https://zety.com/blog/teacher-aide-resume-example,Teacher’s Aide
https://zety.com/blog/teaching-assistant-resume-example,Teaching Assistant
https://zety.com/blog/tutor-resume-example,Tutor
https://zety.com/blog/yoga-teacher-resume-example,Yoga Teacher
https://zety.com/blog/audio-engineer-resume-example,Audio Engineer
https://zety.com/blog/automation-engineer-resume-example,Automation Engineer
https://zety.com/blog/aws-resume-example,AWS
https://zety.com/blog/bioinformatics-resume-example,Bioinformatics
https://zety.com/blog/biology-resume-example,Biologist
https://zety.com/blog/biomedical-engineering-resume-example,Biomedical Engineering
https://zety.com/blog/business-resume-example,Business
https://zety.com/blog/business-intelligence-resume-example,Business Intelligence
https://zety.com/blog/cable-technician-resume-example,Cable Technician
https://zety.com/blog/chemical-engineer-resume-example,Chemical Engineer
https://zety.com/blog/chemistry-resume-example,Chemist
https://zety.com/blog/civil-engineering-resume-example,Civil Engineering
https://zety.com/blog/cnc-machinist-resume-example,CNC Machinist
https://zety.com/blog/computer-engineering-resume-example,Computer Engineering
https://zety.com/blog/computer-science-internship-resume-example,Computer Science
https://zety.com/blog/consultant-resume-example,Consultant
https://zety.com/blog/data-engineer-resume-example,Data Engineer
https://zety.com/blog/database-developer-resume-example,Database Developer
https://zety.com/blog/electrical-engineering-resume-example,Electrical Engineering
https://zety.com/blog/electronic-technician-resume-example,Electronic Technician
https://zety.com/blog/engineering-resume-example,Engineering
https://zety.com/blog/engineering-internship-resume-example,Engineering Internship
https://zety.com/blog/engineering-manager-resume-example,Engineering Manager
https://zety.com/blog/engineering-project-manager-sample,Engineering Project Manager
https://zety.com/blog/entry-level-mechanical-engineer-resume-example,Entry-Level Mechanical Engineering
https://zety.com/blog/environmental-science-resume-example,Environmental Science
https://zety.com/blog/hvac-resume-example,HVAC
https://zety.com/blog/industrial-engineer-resume-example,Industrial Engineer
https://zety.com/blog/it-technician-resume-example,IT Technician
https://zety.com/blog/lab-assistant-resume-example,Lab Assistant
https://zety.com/blog/lab-technician-resume-example,Lab Technician
https://zety.com/blog/machine-learning-resume-example,Machine Learning
https://zety.com/blog/manufacturing-engineer-resume-example,Manufacturing Engineer
https://zety.com/blog/mechanical-engineering-resume,Mechanical Engineering
https://zety.com/blog/process-engineer-resume-example,Process Engineer
https://zety.com/blog/project-engineer-resume-example,Project Engineer
https://zety.com/blog/python-developer-resume-example,Python Developer
https://zety.com/blog/quality-control-resume-example,Quality Control
https://zety.com/blog/quality-engineer-resume-example,Quality Engineer
https://zety.com/blog/salesforce-resume-example,Salesforce
https://zety.com/blog/salesforce-admin-resume-example,Salesforce Admin
https://zety.com/blog/science-resume-example,Science
https://zety.com/blog/software-engineer-resume,Software Engineer
https://zety.com/blog/solution-architect-resume-example,Solution Architect
https://zety.com/blog/supply-chain-resume-example,Supply Chain
https://zety.com/blog/systems-engineer-resume-example,Systems Engineer
https://zety.com/blog/technical-writer-resume-example,Technical Writer
https://zety.com/blog/baker-resume-example,Baker
https://zety.com/blog/banquet-server-resume-example,Banquet Server
https://zety.com/blog/bar-manager-resume-example,Bar Manager
https://zety.com/blog/barback-resume-example,Barback
https://zety.com/blog/barista-resume-example,Barista
https://zety.com/blog/bartender-resume,Bartender
https://zety.com/blog/catering-resume-example,Catering
https://zety.com/blog/chef-resume-example,Chef
https://zety.com/blog/chick-fil-a-resume-example,Chick-fil-A
https://zety.com/blog/busser-resume-example,Commis Waiter
https://zety.com/blog/cook-resume-example,Cook
https://zety.com/blog/culinary-resume-example,Culinary
https://zety.com/blog/dishwasher-resume-example,Dishwasher
https://zety.com/blog/fast-food-resume-example,Fast Food
https://zety.com/blog/food-service-resume-example,Food Service
https://zety.com/blog/kitchen-hand-resume-example,Kitchen Hand
https://zety.com/blog/kitchen-manager-resume-example,Kitchen Manager
https://zety.com/blog/line-cook-resume-example,Line Cook
https://zety.com/blog/mcdonalds-resume-example,McDonald's
https://zety.com/blog/music-teacher-resume-example,Music Teacher
https://zety.com/blog/pastry-chef-resume-example,Pastry Chef
https://zety.com/blog/prep-cook-resume-example,Prep Cook
https://zety.com/blog/restaurant-resume-example,Restaurant
https://zety.com/blog/restaurant-general-manager-resume-example,Restaurant General Manager
https://zety.com/blog/restaurant-manager-resume-example,Restaurant Manager
https://zety.com/blog/restaurant-server-resume-example,Restaurant Server
https://zety.com/blog/server-resume,Server
https://zety.com/blog/sous-chef-resume-example,Sous Chef
https://zety.com/blog/starbucks-resume-example,Starbucks
https://zety.com/blog/subway-resume-example,Subway
https://zety.com/blog/waiter-resume-example,Waiter
https://zety.com/blog/waiter-waitress-resume-example,Waitress
https://zety.com/blog/bus-driver-resume-example,Bus Driver
https://zety.com/blog/delivery-driver-resume-example,Delivery Driver
https://zety.com/blog/dispatcher-resume-example,Dispatcher
https://zety.com/blog/driver-resume-example,Driver
https://zety.com/blog/event-manager-resume-example,Event Manager
https://zety.com/blog/flight-attendant-resume-example,Flight Attendant
https://zety.com/blog/front-desk-resume-example,Front Desk
https://zety.com/blog/hospitality-resume-example,Hospitality
https://zety.com/blog/hostess-resume-example,Hostess
https://zety.com/blog/hotel-general-manager-resume-example,Hotel General Manager
https://zety.com/blog/hotel-manager-resume-example,Hotel Manager
https://zety.com/blog/lifeguard-resume-example,Lifeguard
https://zety.com/blog/logistics-resume-example,Logistics
https://zety.com/blog/night-auditor-resume-example,Night Auditor
https://zety.com/blog/receptionist-resume-example,Receptionist
https://zety.com/blog/school-bus-driver-resume-example,School Bus Driver
https://zety.com/blog/tour-guide-resume-example,Tour Guide
https://zety.com/blog/travel-agent-resume-example,Travel Agent
https://zety.com/blog/truck-driver-resume-example,Truck Driver
https://zety.com/blog/uber-driver-resume-example,Uber Driver
https://zety.com/blog/net-developer-resume-example,.NET Developer
https://zety.com/blog/3d-artist-resume-example,3D Artist
https://zety.com/blog/active-directory-resume-example,Active Directory
https://zety.com/blog/agile-coach-resume-example,Agile Coach
https://zety.com/blog/agile-project-manager-resume-example,Agile Project Manager
https://zety.com/blog/android-resume-developer-example,Android Developer
https://zety.com/blog/angular-developer-resume-example,Angular Developer
https://zety.com/blog/angularjs-resume-example,AngularJS
https://zety.com/blog/animator-resume-example,Animator
https://zety.com/blog/aws-resume-example,AWS
https://zety.com/blog/azure-devops-resume-example,Azure DevOps
https://zety.com/blog/backend-developer-resume-example,Back-End Developer
https://zety.com/blog/big-data-resume-example,Big Data
https://zety.com/blog/bioinformatics-resume-example,Bioinformatics
https://zety.com/blog/business-resume-example,Business
https://zety.com/blog/cloud-engineer-resume-example,Cloud Engineer
https://zety.com/blog/computer-engineering-resume-example,Computer Engineering
https://zety.com/blog/computer-science-resume,Computer Science
https://zety.com/blog/computer-technician-resume-example,Computer Technician
https://zety.com/blog/consultant-resume-example,Consultant
https://zety.com/blog/crm-resume-example,CRM
https://zety.com/blog/cyber-security-resume-example,Cyber Security
https://zety.com/blog/data-analyst-resume,Data Analyst
https://zety.com/blog/data-center-technician-resume-example,Data Center Technician
https://zety.com/blog/data-scientist-resume-example,Data Scientist
https://zety.com/blog/database-developer-resume-example,Database Developer
https://zety.com/blog/desktop-support-resume-example,Desktop Support
https://zety.com/blog/devops-resume-example,Devops
https://zety.com/blog/engineering-student-resume-example,Engineering Student
https://zety.com/blog/entry-level-it-resume-example,Entry Level IT
https://zety.com/blog/entry-level-software-engineer-resume-example,Entry-Level Software Engineer
https://zety.com/blog/front-end-developer-resume-example,Front End Developer
https://zety.com/blog/full-stack-developer-resume-example,Full Stack Developer
https://zety.com/blog/game-design-resume,Game Design
https://zety.com/blog/informatica-resume-example,Informatica
https://zety.com/blog/information-security-analyst-resume-example,Information Security Analyst
https://zety.com/blog/ios-developer-resume-example,iOS Developer
https://zety.com/blog/it-resume-example,IT (Information Technology)
https://zety.com/blog/it-director-resume-example,IT Director
https://zety.com/blog/it-help-desk-resume-example,IT Help Desk
https://zety.com/blog/it-manager-resume-example,IT Manager
https://zety.com/blog/it-project-manager-resume-example,IT Project Manager
https://zety.com/blog/it-specialist-resume-example,IT Specialist
https://zety.com/blog/it-support-resume-example,IT Support
https://zety.com/blog/it-technician-resume-example,IT Technician
https://zety.com/blog/java-developer-resume-example,Java Developer
https://zety.com/blog/junior-java-developer-resume-example,Junior Java Developer
https://zety.com/blog/entry-level-web-developer-resume-example,Junior Web Developer
https://zety.com/blog/machine-learning-resume-example,Machine Learning
https://zety.com/blog/network-administrator-resume-example,Network Administrator
https://zety.com/blog/network-engineer-resume-example,Network Engineer
https://zety.com/blog/programmer-resume-example,Programmer
https://zety.com/blog/python-developer-resume-example,Python Developer
https://zety.com/blog/qa-resume-example,QA
https://zety.com/blog/qa-tester-resume-example,QA Tester
https://zety.com/blog/react-developer-resume-example,React Developer
https://zety.com/blog/salesforce-resume-example,Salesforce
https://zety.com/blog/salesforce-admin-resume-example,Salesforce Admin
https://zety.com/blog/scrum-master-resume-example,Scrum Master
https://zety.com/blog/sdet-resume-example,SDET
https://zety.com/blog/senior-java-developer-resume-example,Senior Java Developer
https://zety.com/blog/senior-software-engineer-resume-example,Senior Software Engineer
https://zety.com/blog/software-engineer-resume,Software Engineer
https://zety.com/blog/software-engineer-intern-resume-example,Software Engineer Intern
https://zety.com/blog/solution-architect-resume-example,Solution Architect
https://zety.com/blog/sql-developer-resume-example,SQL Developer
https://zety.com/blog/ssrs-resume-example,SSRS
https://zety.com/blog/system-administrator-resume-example,System Administrator
https://zety.com/blog/system-analyst-resume-example,System Analyst
https://zety.com/blog/tableau-developer-resume-example,Tableau Developer
https://zety.com/blog/technical-project-manager-resume-example,Technical Project Manager
https://zety.com/blog/technical-support-resume-example,Technical Support
https://zety.com/blog/ui-developer-resume-example,UI Developer
https://zety.com/blog/ux-designer-resume-example,UX Designer
https://zety.com/blog/ux-designer-resume-and-ui-developer-resume-examples,UX Designer & UI Developer
https://zety.com/blog/ux-researcher-resume-example,UX Researcher
https://zety.com/blog/web-designer-resume-example,Web Designer
https://zety.com/blog/web-developer-resume,Web Developer
https://zety.com/blog/wordpress-developer-resume-example,WordPress Developer
https://zety.com/blog/writer-resume-example,Writer
https://zety.com/blog/correctional-officer-resume-example,Correctional Officer
https://zety.com/blog/criminal-justice-resume-example,Criminal Justice
https://zety.com/blog/firefighter-resume-example,Firefighter
https://zety.com/blog/military-resume,Military to Civilian
https://zety.com/blog/peace-corps-resume-example,Peace Corps
https://zety.com/blog/police-officer-resume-example,Police Officer
https://zety.com/blog/security-guard-resume-example,Security Guard
https://zety.com/blog/associate-attorney-resume-example,Associate Attorney
https://zety.com/blog/attorney-resume-example,Attorney
https://zety.com/blog/business-resume-example,Business
https://zety.com/blog/consultant-resume-example,Consultant
https://zety.com/blog/contract-administrator-resume-example,Contract Administrator
https://zety.com/blog/general-counsel-resume-example,General Counsel
https://zety.com/blog/law-clerk-resume-example,Law Clerk
https://zety.com/blog/law-school-resume-example,Law School
https://zety.com/blog/legal-resume-example,Legal
https://zety.com/blog/legal-assistant-resume-example,Legal Assistant
https://zety.com/blog/legal-intern-resume,Legal Intern
https://zety.com/blog/resume-for-legal-secretary-example,Legal Secretary
https://zety.com/blog/paralegal-resume-example,Paralegal
https://zety.com/blog/automotive-technician-resume-example,Automotive Technician
https://zety.com/blog/building-maintenance-resume-example,Building Maintenance
https://zety.com/blog/carpenter-resume-example,Carpenter
https://zety.com/blog/cleaner-resume-example,Cleaner
https://zety.com/blog/contractor-resume-example,Contractor
https://zety.com/blog/custodian-resume-example,Custodian
https://zety.com/blog/electrician-resume-example,Electrician
https://zety.com/blog/electrician-apprentice-resume-example,Electrician Apprentice
https://zety.com/blog/facility-manager-resume-example,Facility Manager
https://zety.com/blog/forklift-operator-resume-example,Forklift Operator
https://zety.com/blog/general-labor-resume-example,General Labour
https://zety.com/blog/handyman-resume-example,Handyman
https://zety.com/blog/housekeeping-resume-example,Housekeeping
https://zety.com/blog/hvac-resume-example,HVAC
https://zety.com/blog/janitor-resume-example,Janitor
https://zety.com/blog/journeyman-electrician-resume-example,Journeyman Electrician
https://zety.com/blog/landscaping-resume-example,Landscaping
https://zety.com/blog/machinist-resume-example,Machinist
https://zety.com/blog/maintenance-resume-example,Maintenance
https://zety.com/blog/maintenance-manager-resume-example,Maintenance Manager
https://zety.com/blog/maintenance-supervisor-resume-example,Maintenance Supervisor
https://zety.com/blog/maintenance-technician-resume-example,Maintenance Technician
https://zety.com/blog/mechanic-resume-example,Mechanic
https://zety.com/blog/painter-resume-example,Painter
https://zety.com/blog/pipefitter-resume-example,Pipefitter
https://zety.com/blog/plumber-resume-example,Plumber
https://zety.com/blog/technician-resume-example,Technician
https://zety.com/blog/welder-resume-example,Welder
https://zety.com/blog/account-executive-resume-example,Account Executive
https://zety.com/blog/account-manager-resume-example,Account Manager
https://zety.com/blog/accounting-intern-resume-example,Accounting Intern
https://zety.com/blog/accounting-manager-resume-example,Accounting Manager
https://zety.com/blog/assistant-manager-resume-example,Assistant Manager
https://zety.com/blog/assistant-project-manager-resume-example,Assistant Project Manager
https://zety.com/blog/bank-manager-resume-example,Bank Manager Resume
https://zety.com/blog/branch-manager-resume-example,Branch Manager Resume
https://zety.com/blog/business-resume-example,Business
https://zety.com/blog/business-consultant-resume-example,Business Consultant
https://zety.com/blog/business-development-resume-example,Business Development
https://zety.com/blog/business-manager-resume-example,Business Manager
https://zety.com/blog/business-owner-resume-example,Business Owner
https://zety.com/blog/ceo-resume-example,CEO
https://zety.com/blog/cfo-resume-example,CFO
https://zety.com/blog/chief-of-staff-resume-example,Chief of Staff
https://zety.com/blog/cio-resume-example,CIO
https://zety.com/blog/communications-director-resume-example,Communications Director
https://zety.com/blog/construction-manager-resume-example,Construction Manager
https://zety.com/blog/consultant-resume-example,Consultant
https://zety.com/blog/coo-chief-operations-officer-resume-example,COO - Chief Operations Officer
https://zety.com/blog/customer-service-manager-resume-example,Customer Service Manager
https://zety.com/blog/customer-success-manager-resume-example,Customer Success Manager
https://zety.com/blog/director-resume-example,Director
https://zety.com/blog/director-of-operations-resume-example,Director of Operations
https://zety.com/blog/district-manager-resume-example,District Manager
https://zety.com/blog/entrepreneur-resume-example,Entrepreneur
https://zety.com/blog/executive-resume-example,Executive
https://zety.com/blog/facility-manager-resume-example,Facility Manager
https://zety.com/blog/finance-manager-resume-example,Finance Manager
https://zety.com/blog/general-manager-resume-example,General Manager
https://zety.com/blog/it-director-resume-example,IT Director
https://zety.com/blog/it-manager-resume-example,IT Manager
https://zety.com/blog/it-project-manager-resume-example,IT Project Manager
https://zety.com/blog/maintenance-manager-resume-example,Maintenance Manager
https://zety.com/blog/management-consultant-resume-example,Management Consultant
https://zety.com/blog/manager-resume-example,Manager
https://zety.com/blog/marketing-director-resume-example,Marketing Director
https://zety.com/blog/marketing-executive-resume,Marketing Executive
https://zety.com/blog/mba-resume-example,MBA Application
https://zety.com/blog/nurse-manager-resume-example,Nurse Manager
https://zety.com/blog/operations-manager-resume-example,Operations Manager
https://zety.com/blog/operations-supervisor-resume-example,Operations Supervisor
https://zety.com/blog/plant-manager-resume-example,Plant Manager
https://zety.com/blog/product-manager-resume-example,Product Manager
https://zety.com/blog/product-marketing-manager-resume-example,Product Marketing Manager
https://zety.com/blog/production-manager-resume-example,Production Manager
https://zety.com/blog/program-manager-resume-example,Program Manager
https://zety.com/blog/project-coordinator-resume-example,Project Coordinator
https://zety.com/blog/project-manager-resume,Project Manager
https://zety.com/blog/relationship-manager-resume,Relationship Manager
https://zety.com/blog/restaurant-general-manager-resume-example,Restaurant General Manager
https://zety.com/blog/safety-manager-resume-example,Safety Manager
https://zety.com/blog/senior-project-manager-resume-example,Senior Project Manager
https://zety.com/blog/shift-manager-resume-example,Shift Manager
https://zety.com/blog/sports-management-resume-example,Sports Management
https://zety.com/blog/stage-manager-resume-example,Stage Manager
https://zety.com/blog/store-manager-resume-example,Store Manager
https://zety.com/blog/supervisor-resume-example,Supervisor
https://zety.com/blog/team-leader-resume-example,Team Leader
https://zety.com/blog/technical-program-manager-resume-example,Technical Program Manager
https://zety.com/blog/training-manager-resume-example,Training Manager
https://zety.com/blog/warehouse-manager-resume-example,Warehouse Manager
https://zety.com/blog/journalism-resume-example,Journalism
https://zety.com/blog/producer-resume-example,Producer
https://zety.com/blog/public-relations-resume-example,Public Relations
https://zety.com/blog/amazon-resume-example,Amazon
https://zety.com/blog/assembly-line-worker-resume-example,Assembly Line Worker
https://zety.com/blog/logistics-coordinator-resume-example,Logistics Coordinator
https://zety.com/blog/machine-operator-resume-example,Machine Operator
https://zety.com/blog/manufacturing-resume-example,Manufacturing
https://zety.com/blog/material-handler-resume-example,Material Handler
https://zety.com/blog/mechanic-resume-example,Mechanic
https://zety.com/blog/production-resume-example,Production
https://zety.com/blog/resume-for-production-worker-example,Production Worker
https://zety.com/blog/shipping-and-receiving-resume-example,Shipping and Receiving
https://zety.com/blog/stocker-resume-example,Stocker
https://zety.com/blog/supply-chain-resume-example,Supply Chain
https://zety.com/blog/supply-chain-manager-resume-example,Supply Chain Manager
https://zety.com/blog/warehouse-resume-example,Warehouse
https://zety.com/blog/warehouse-associate-resume-example,Warehouse Associate
https://zety.com/blog/warehouse-manager-resume-example,Warehouse Manager
https://zety.com/blog/warehouse-supervisor-resume-example,Warehouse Supervisor
https://zety.com/blog/aged-care-resume-example,Aged Care
https://zety.com/blog/athletic-trainer-resume-example,Athletic Trainer
https://zety.com/blog/barber-resume-example,Barber
https://zety.com/blog/bcba-resume-example,BCBA
https://zety.com/blog/budtender-resume-example,Budtender
https://zety.com/blog/caregiver-resume-example,Caregiver
https://zety.com/blog/case-manager-resume-example,Case Manager
https://zety.com/blog/charge-nurse-resume-example,Charge Nurse
https://zety.com/blog/clinical-research-coordinator-resume-example,Clinical Research Coordinator
https://zety.com/blog/cna-resume-example,CNA
https://zety.com/blog/cosmetology-resume-example,Cosmetology
https://zety.com/blog/dental-assistant-resume,Dental Assistant
https://zety.com/blog/dental-hygiene-resume-example,Dental Hygiene
https://zety.com/blog/dental-receptionist-resume-example,Dental Receptionist
https://zety.com/blog/dentist-resume-example,Dentist
https://zety.com/blog/dietary-aide-resume-example,Dietary Aide
https://zety.com/blog/dietician-resume-example,Dietician
https://zety.com/blog/disability-support-worker-resume-example,Disability Support Worker
https://zety.com/blog/doctor-resume-example,Doctor
https://zety.com/blog/er-nurse-resume-example,Emergency Nurse
https://zety.com/blog/emt-resume-example,EMT/Paramedic
https://zety.com/blog/entry-level-nurse-resume-example,Entry-Level Nurse
https://zety.com/blog/esthetician-resume-example,Esthetician
https://zety.com/blog/experienced-nurse-resume-example,Experienced Nurse
https://zety.com/blog/first-year-teacher-resume-example,First Year Teacher
https://zety.com/blog/hair-stylist-resume-example,Hair Stylist
https://zety.com/blog/healthcare-resume-example,Healthcare
https://zety.com/blog/healthcare-administration-resume-example,Healthcare Administration
https://zety.com/blog/home-health-aide-resume-example,Home Care Assistant
https://zety.com/blog/hospital-volunteer-resume-example,Hospital Volunteer
https://zety.com/blog/icu-nurse-resume-example,ICU Nurse
https://zety.com/blog/labor-and-delivery-nurse-resume-example,Labor and Delivery Nurse
https://zety.com/blog/lpn-resume-example,LPN
https://zety.com/blog/lvn-resume-example,LVN
https://zety.com/blog/makeup-artist-resume-example,Makeup Artist
https://zety.com/blog/massage-therapist-resume-example,Massage Therapist
https://zety.com/blog/med-surg-nurse-resume-example,Med-Surg Nurse
https://zety.com/blog/medical-resume-example,Medical
https://zety.com/blog/medical-administrative-assistant-resume-example,Medical Administrative Assistant
https://zety.com/blog/medical-assistant-resume-example,Medical Assistant
https://zety.com/blog/medical-billing-resume-example,Medical Billing
https://zety.com/blog/medical-coder-resume-example,Medical Coder
https://zety.com/blog/medical-receptionist-resume-example,Medical Receptionist
https://zety.com/blog/medical-school-resume-example,Medical School
https://zety.com/blog/medical-scribe-resume-example,Medical Scribe
https://zety.com/blog/medical-technologist-resume-example,Medical Technologist
https://zety.com/blog/mental-health-counselor-resume-example,Mental Health Counselor
https://zety.com/blog/nail-technician-resume-example,Nail Technician
https://zety.com/blog/new-grad-nursing-resume-example,New Grad Nursing
https://zety.com/blog/nicu-nurse-resume-example,NICU Nurse
https://zety.com/blog/nurse-manager-resume-example,Nurse Manager
https://zety.com/blog/nurse-practitioner-resume-example,Nurse Practitioner
https://zety.com/blog/nursing-resume-examples,Nursing
https://zety.com/blog/nursing-student-resume-example,Nursing Student
https://zety.com/blog/occupational-therapy-resume-example,Occupational Therapy
https://zety.com/blog/operating-room-nurse-resume-example,Operating Room Nurse
https://zety.com/blog/optician-resume-example,Optician
https://zety.com/blog/optometrist-resume-example,Optometrist
https://zety.com/blog/patient-care-technician-resume-example,Patient Care Technician
https://zety.com/blog/pca-resume-example,PCA
https://zety.com/blog/pediatric-nurse-resume-example,Pediatric Nurse
https://zety.com/blog/personal-assistant-resume-example,Personal Assistant
https://zety.com/blog/personal-trainer-resume-example,Personal Trainer
https://zety.com/blog/pharmacist-resume-example,Pharmacist
https://zety.com/blog/pharmacy-assistant-resume-example,Pharmacy Assistant
https://zety.com/blog/pharmacy-intern-resume-example,Pharmacy Intern
https://zety.com/blog/pharmacy-technician-resume-example,Pharmacy Technician
https://zety.com/blog/phlebotomy-resume-example,Phlebotomy
https://zety.com/blog/physical-therapy-resume-example,Physical Therapy
https://zety.com/blog/physical-therapy-aide-resume-example,Physical Therapy Aide
https://zety.com/blog/physician-assistant-resume-example,Physicial Assistant
https://zety.com/blog/physician-cv-example,Physician
https://zety.com/blog/pre-med-resume-example,Pre-Med
https://zety.com/blog/psw-resume-example,PSW
https://zety.com/blog/psychology-resume-example,Psychologist
https://zety.com/blog/public-health-resume-example,Public Health
https://zety.com/blog/radiologic-technologist-resume-example,Radiologic Technologist
https://zety.com/blog/rbt-resume-example,RBT
https://zety.com/blog/registered-nurse-resume-example,Registered Nurse
https://zety.com/blog/respiratory-therapist-resume-example,Respiratory Therapist
https://zety.com/blog/school-nurse-resume-example,School Nurse
https://zety.com/blog/school-psychologist-resume-example,School Psychologist
https://zety.com/blog/sonographer-resume-example,Sonographer
https://zety.com/blog/speech-pathologist-resume-example,Speech Pathologist
https://zety.com/blog/student-esthetician-resume-example,Student Esthetician
https://zety.com/blog/surgical-tech-resume-example,Surgical Tech
https://zety.com/blog/telemetry-nurse-resume-example,Telemetry Nurse
https://zety.com/blog/therapist-resume-example,Therapist
https://zety.com/blog/travel-nurse-resume-example,Travel Nurse
https://zety.com/blog/veterinarian-resume-example,Veterinarian
https://zety.com/blog/veterinary-assistant-resume-example,Veterinary Assistant
https://zety.com/blog/veterinary-receptionist-resume-example,Veterinary Receptionist
https://zety.com/blog/veterinary-technician-resume-example,Veterinary Technician
https://zety.com/blog/yoga-teacher-resume-example,Yoga Teacher
https://zety.com/blog/yoga-teacher-resume-example,Yoga Teacher
https://zety.com/blog/administrative-assistant-resume,Administrative Assistant
https://zety.com/blog/administrative-coordinator-resume-example,Administrative Coordinator
https://zety.com/blog/business-resume-example,Business
https://zety.com/blog/business-administration-resume-example,Business Administration
https://zety.com/blog/clerical-resume-example,Clerical
https://zety.com/blog/consultant-resume-example,Consultant
https://zety.com/blog/data-entry-resume-example,Data Entry
https://zety.com/blog/diversity-inclusion-resume-example,Diversity and Inclusion
https://zety.com/blog/entry-level-administrative-assistant-resume-example,Entry-Level Administrative Assistant
https://zety.com/blog/entry-level-human-resources-resume-example,Entry-Level Human Resources
https://zety.com/blog/executive-assistant-resume-examples,Executive Assistant
https://zety.com/blog/federal-resume-example,Federal
https://zety.com/blog/hr-assistant-resume-example,HR Assistant
https://zety.com/blog/hr-business-partner-resume-example,HR Business Partner
https://zety.com/blog/hr-coordinator-resume-example,HR Coordinator
https://zety.com/blog/hr-generalist-resume-example,HR Generalist
https://zety.com/blog/hr-manager-resume-example,HR Manager
https://zety.com/blog/hr-specialist-resume-example,HR Specialist
https://zety.com/blog/human-resources-resume-example,Human Resources
https://zety.com/blog/legal-assistant-resume-example,Legal Assistant
https://zety.com/blog/medical-office-manager-resume-example,Medical Office Manager
https://zety.com/blog/medical-receptionist-resume-example,Medical Receptionist
https://zety.com/blog/office-administrator-resume-example,Office Administrator
https://zety.com/blog/office-assistant-resume-example,Office Assistant
https://zety.com/blog/office-clerk-resume-example,Office Clerk
https://zety.com/blog/office-manager-resume-example,Office Manager
https://zety.com/blog/public-relations-resume-example,Public Relations
https://zety.com/blog/recruiter-resume-example,Recruiter
https://zety.com/blog/resident-assistant-resume-example,Resident Assistant
https://zety.com/blog/school-secretary-resume-example,School Secretary
https://zety.com/blog/secretary-resume-example,Secretary
https://zety.com/blog/social-work-resume-example,Social Work
https://zety.com/blog/talent-acquisition-resume-example,Talent Acquisition Specialist
https://zety.com/blog/virtual-assistant-resume-example,Virtual Assistant
https://zety.com/blog/assistant-property-manager-resume-example,Assistant Property Manager
https://zety.com/blog/leasing-agent-resume-example,Leasing Agent
https://zety.com/blog/leasing-consultant-resume-example,Leasing Consultant
https://zety.com/blog/property-manager-resume-example,Property Manager
https://zety.com/blog/real-estate-resume-example,Real Estate
https://zety.com/blog/apple-resume-example,Apple
https://zety.com/blog/budtender-resume-example,Budtender
https://zety.com/blog/buyer-resume-example,Buyer
https://zety.com/blog/car-salesman-resume-example,Car Salesman
https://zety.com/blog/cashier-resume,Cashier
https://zety.com/blog/collections-resume-example,Collections Representative
https://zety.com/blog/customer-service-resume,Customer Service
https://zety.com/blog/customer-service-associate-resume,Customer Service Associate
https://zety.com/blog/customer-service-manager-resume-example,Customer Service Manager
https://zety.com/blog/customer-success-manager-resume-example,Customer Success Manager
https://zety.com/blog/grocery-store-resume-example,Grocery Store
https://zety.com/blog/help-desk-resume-example,Help Desk
https://zety.com/blog/hostess-resume-example,Hostess
https://zety.com/blog/hotel-front-desk-resume-example,Hotel Front Desk
https://zety.com/blog/insurance-agent-resume-example,Insurance Agent
https://zety.com/blog/merchandiser-resume-example,Merchandiser
https://zety.com/blog/pharma-sales-resume-example,Pharma Sales
https://zety.com/blog/relationship-manager-resume,Relationship Manager
https://zety.com/blog/retail-resume-example,Retail
https://zety.com/blog/retail-assistant-resume-example,Retail Assistant
https://zety.com/blog/retail-assistant-manager-resume-example,Retail Assistant Manager
https://zety.com/blog/retail-manager-resume-example,Retail Manager
https://zety.com/blog/retail-sales-associate-resume-example,Retail Sales Associate
https://zety.com/blog/sales-associate-resume,Sales Associate
https://zety.com/blog/service-advisor-resume-example,Service Advisor
https://zety.com/blog/store-manager-resume-example,Store Manager
https://zety.com/blog/visual-merchandising-resume-example,Visual Merchandising
https://zety.com/blog/walmart-resume-example,Walmart
https://zety.com/blog/art-director-resume,Art Director
https://zety.com/blog/brand-ambassador-resume-example,Brand Ambassador
https://zety.com/blog/brand-manager-resume-example,Brand Manager
https://zety.com/blog/business-resume-example,Business
https://zety.com/blog/business-development-resume-example,Business Development
https://zety.com/blog/business-development-representative-resume-example,Business Development Representative
https://zety.com/blog/buyer-resume-example,Buyer
https://zety.com/blog/call-center-resume-example,Call Center
https://zety.com/blog/call-center-supervisor-resume-example,Call Center Supervisor
https://zety.com/blog/communications-director-resume-example,Communications Director
https://zety.com/blog/communications-specialist-resume-example,Communications Specialist
https://zety.com/blog/community-manager-resume-example,Community Manager
https://zety.com/blog/consultant-resume-example,Consultant
https://zety.com/blog/contract-specialist-resume-example,Contract Specialist
https://zety.com/blog/digital-marketing-resume-example,Digital Marketing
https://zety.com/blog/digital-marketing-manager-resume-example,Digital Marketing Manager
https://zety.com/blog/ecommerce-resume-example,Ecommerce
https://zety.com/blog/entry-level-marketing-resume-example,Entry-Level Marketing
https://zety.com/blog/hostess-resume-example,Hostess
https://zety.com/blog/market-research-resume-example,Market Research
https://zety.com/blog/marketing-resume,Marketing
https://zety.com/blog/marketing-coordinator-resume-example,Marketing Coordinator
https://zety.com/blog/marketing-director-resume-example,Marketing Director
https://zety.com/blog/marketing-executive-resume,Marketing Executive
https://zety.com/blog/marketing-intern-resume-example,Marketing Intern
https://zety.com/blog/marketing-manager-resume-example,Marketing Manager
https://zety.com/blog/merchandiser-resume-example,Merchandiser
https://zety.com/blog/product-development-resume-example,Product Development
https://zety.com/blog/product-owner-resume-example,Product Owner
https://zety.com/blog/purchasing-resume-example,Purchasing
https://zety.com/blog/purchasing-agent-resume-example,Purchasing Agent
https://zety.com/blog/retail-sales-associate-resume-example,Retail Sales Associate
https://zety.com/blog/sales-resume-example,Sales
https://zety.com/blog/sales-assistant-resume,Sales Assistant
https://zety.com/blog/sales-associate-resume,Sales Associate
https://zety.com/blog/sales-consultant-resume-example,Sales Consultant
https://zety.com/blog/sales-director-resume-example,Sales Director
https://zety.com/blog/sales-manager-resume-example,Sales Manager
https://zety.com/blog/sales-representative-resume-example,Sales Representative
https://zety.com/blog/seo-resume-example,SEO
https://zety.com/blog/social-media-resume-example,Social Media
https://zety.com/blog/social-media-intern-resume-example,Social Media Intern
https://zety.com/blog/vendor-management-resume-example,Vendor Management
https://zety.com/blog/video-editor-resume-example,Video Editor
https://zety.com/blog/videographer-resume-example,Videographer
https://zety.com/blog/visual-merchandising-resume-example,Visual Merchandising
https://zety.com/blog/writer-resume-example,Writer
https://zety.com/blog/art-teacher-resume-example,Art Teacher
https://zety.com/blog/assistant-principal-resume-example,Assistant Headmaster
https://zety.com/blog/camp-counselor-resume-example,Camp Counselor
https://zety.com/blog/child-care-resume-example,Child Care
https://zety.com/blog/coaching-resume-example,Coaching
https://zety.com/blog/corporate-trainer-resume-example,Corporate Trainer
https://zety.com/blog/dance-teacher-resume-example,Dance Teacher
https://zety.com/blog/elementary-teacher-resume-example,Elementary Teacher
https://zety.com/blog/english-teacher-resume-example,English Teacher
https://zety.com/blog/esl-teacher-resume-example,ESL Teacher
https://zety.com/blog/instructional-designer-resume-example,Instructional Designer
https://zety.com/blog/librarian-resume-example,Librarian
https://zety.com/blog/math-teacher-resume-example,Math Teacher
https://zety.com/blog/mentor-resume-example,Mentor
https://zety.com/blog/paraeducator-resume-example,Paraeducator
https://zety.com/blog/paraprofessional-resume-example,Paraprofessional
https://zety.com/blog/preschool-teacher-resume-example,Preschool Teacher
https://zety.com/blog/school-counselor-resume-example,School Counselor
https://zety.com/blog/school-psychologist-resume-example,School Psychologist
https://zety.com/blog/high-school-teacher-resume-example,Secondary School Teacher
https://zety.com/blog/special-education-teacher-resume-example,Special Education Teacher
https://zety.com/blog/substitute-teacher-resume-example,Substitute Teacher
https://zety.com/blog/teacher-resume,Teacher
https://zety.com/blog/teacher-aide-resume-example,Teacher’s Aide
https://zety.com/blog/teaching-assistant-resume-example,Teaching Assistant
https://zety.com/blog/trainer-resume-example,Trainer
https://zety.com/blog/tutor-resume-example,Tutor
https://zety.com/blog/yoga-teacher-resume-example,Yoga Teacher
https://zety.com/blog/us-resume,American Resume
https://zety.com/blog/ats-resume,ATS-Friendly CV
https://zety.com/blog/bad-resume-examples,Bad CV
https://zety.com/blog/best-buy-resume,Best Buy
https://zety.com/blog/what-should-a-resume-look-like,Best CV
https://zety.com/blog/biodata-format,Biodata Format
https://zety.com/blog/boyfriend-resume-example,Boyfriend
https://zety.com/blog/business-consultant-resume-example,Business Consultant
https://zety.com/blog/business-owner-resume-example,Business Owner
https://zety.com/blog/career-change-resume,Career Change
https://zety.com/blog/resume-with-no-work-experience,CV With No Experience
https://zety.com/blog/deloitte-resume-example,Deloitte
https://zety.com/blog/dog-walker-resume-example,Dog Walker
https://zety.com/blog/elon-musk-resume,Elon Musk
https://zety.com/blog/entry-level-resume-example,Entry-Level
https://zety.com/blog/eye-catching-resume,Eye-Catching CV
https://zety.com/blog/federal-resume-example,Federal
https://zety.com/blog/gamestop-resume-example,GameStop
https://zety.com/blog/gis-resume-example,GIS
https://zety.com/blog/goldman-sachs-resume-example,Goldman Sachs
https://zety.com/blog/google-resume-example,Google
https://zety.com/blog/grammarly-resume-example,Grammarly
https://zety.com/blog/hair-stylist-resume-example,Hair Stylist
https://zety.com/blog/harvard-resume-example,Harvard
https://zety.com/blog/home-depot-resume-example,Home Depot
https://zety.com/blog/hostess-resume-example,Hostess
https://zety.com/blog/insurance-agent-resume-example,Insurance Agent
https://zety.com/blog/resume-for-internal-position-example,Internal Position
https://zety.com/blog/lifeguard-resume-example,Lifeguard
https://zety.com/blog/makeup-artist-resume-example,Makeup Artist
https://zety.com/blog/mall-santa-resume-example,Mall Santa
https://zety.com/blog/mckinsey-resume-example,McKinsey
https://zety.com/blog/mentor-resume-example,Mentor
https://zety.com/blog/resume-for-microsoft-example,Microsoft
https://zety.com/blog/military-resume,Military to Civilian
https://zety.com/blog/nanny-resume-example,Nanny
https://zety.com/blog/non-profit-resume-example,Nonprofit
https://zety.com/blog/pastor-resume-example,Pastor
https://zety.com/blog/plain-text-resume-example,Plain Text CV
https://zety.com/blog/political-science-resume-example,Political Science
https://zety.com/blog/pilot-resume-example,Professional Pilot
https://zety.com/blog/mid-career-resume-example,Resume for Mid-Career
https://zety.com/blog/senior-resume-example,Resume for Senior-Level
https://zety.com/blog/sap-resume-example,SAP
https://zety.com/blog/security-officer-resume-example,Security Officer
https://zety.com/blog/self-employed-resume,Self-Employed
https://zety.com/blog/soccer-resume-example,Soccer
https://zety.com/blog/sports-resume-example,Sports
https://zety.com/blog/spotify-resume-example,Spotify
https://zety.com/blog/stay-at-home-mom-resume-example,Stay-at-Home Mom
https://zety.com/blog/student-athlete-resume-example,Student-Athlete Resume
https://zety.com/blog/targeted-resume,Targeted Resume
https://zety.com/blog/technical-resume-example,Technical
https://zety.com/blog/perfect-resume,The Perfect CV
https://zety.com/blog/tik-tok-resume,TikTok
https://zety.com/blog/traditional-resume,Traditional CV
https://zety.com/blog/undergraduate-resume-example,Undergraduate
https://zety.com/blog/ups-resume-example,UPS
https://zety.com/blog/video-resume,Video CV
https://zety.com/blog/volunteer-coordinator-resume-example,Volunteer Coordinator
https://zety.com/blog/youtuber-resume-example,YouTuber Resume
